ScientificName,genus,specificEpithet,infraspecificEpithet,family,scientificNameAuthorship,Kingdom,BasisOfRecord,preparations,InstitutionCode,CollectionCode,CatalogNumber,occurrenceID,recordedBy,recordNumber,year,month,day,eventDate,modified,DLM,TypeStatus,occurrenceRemarks,informationWithheld,Country,StateProvince,Locality,habitat,verbatimElevation,decimalLongitude,decimalLatitude,CoordinatePrecision,VerbatimCoordinates,ImageURL,minimumElevationInMeters,maximumElevationInMeters,type
Dryopteris carthusiana (Vill.) H.P.Fuchs,Dryopteris,carthusiana,,Aspidiaceae,(Vill.) H.P.Fuchs,Plantae,PreservedSpecimen,herbarium specimen,SANT,SANT,81889,SANT:SANT:81889-A,"Martiño-Fiz López Lindoso, Fins Eirexas Santamaria",2022-11-05/01,2022.0,11.0,5.0,2022-11-05,2022-12-16T18:41:52Z,2022-12-16 18:41:52,,,,ES,C,"Rio Mendo, Oza dos Rios, Concello de Oza-Cesuras",Carballeira e bosque de ribeira. Substrato: Xisto,,,,,"43.232206,-8.168665",,,,Physical Object
Silene vulgaris (Moench) Garcke,Silene,vulgaris,,Caryophyllaceae,(Moench) Garcke,Plantae,PreservedSpecimen,herbarium specimen,SANT,SANT,33654,SANT:SANT:33654-A,"S.Ortiz 545, M.X.Martíns",,1996.0,7.0,18.0,1996-07-18,2022-12-16T13:55:52Z,2022-12-16 13:55:52,,,,SE,,"Arredores de Stockholm, perto da Universidade",En pastizais artificiais,,,,,,,,,Physical Object
Melampyrum nemorosum L.,Melampyrum,nemorosum,,Scrophulariaceae,L.,Plantae,PreservedSpecimen,herbarium specimen,SANT,SANT,33653,SANT:SANT:33653-A,"S.Ortiz 546, M.X.Martíns",,1996.0,7.0,18.0,1996-07-18,2022-12-16T13:55:47Z,2022-12-16 13:55:47,,,,SE,,"Arredores de Stockholm, perto da Universidade",Ambientes nemorais antropizados,,,,,,,,,Physical Object
Rumex thyrsiflorus Fingerh.,Rumex,thyrsiflorus,,Polygonaceae,Fingerh.,Plantae,PreservedSpecimen,herbarium specimen,SANT,SANT,33652,SANT:SANT:33652-A,"S.Ortiz 546, M.X.Martíns",,1996.0,7.0,18.0,1996-07-18,2022-12-16T13:55:41Z,2022-12-16 13:55:41,,,,SE,,"Arredores de Stockholm, perto da Universidade",Pastizais artificiais,,,,,,,,,Physical Object
Oxalis araucana Reiche,Oxalis,araucana,,Oxalidaceae,Reiche,Plantae,PreservedSpecimen,herbarium specimen,SANT,SANT,37709,SANT:SANT:37709-A,"J.Amigo, C.Ramírez & al.",,1993.0,12.0,4.0,1993-12-04,2022-12-16T13:55:27Z,2022-12-16 13:55:27,,,,CL,10ª,Región de Los Lagos; poco antes de Osorno al cruzar el río Bueno por la ruta 5,Bajo boldo,,,,,,,,,Physical Object
Lessingianthus pumilus (Vell.) H. Rob.,Lessingianthus,pumilus,,Compositae,(Vell.) H. Rob.,Plantae,PreservedSpecimen,herbarium specimen,SANT,SANT,39476,SANT:SANT:39476-A,"G.et M.Hatschbach, E.Barbosa",,1997.0,3.0,14.0,1997-03-14,2022-12-16T13:55:17Z,2022-12-16 13:55:17,,,,BR,MG,"Joaquim Felício; Serra do Cabral, Minas Gerais","Campo rupestre, solo turfoso, arenoso e úmido",,,,,,,,,Physical Object
Vitex megapotamica (Spreng.) Moldenke,Vitex,megapotamica,,Verbenaceae,(Spreng.) Moldenke,Plantae,PreservedSpecimen,herbarium specimen,SANT,SANT,39387,SANT:SANT:39387-A,"C.B.Poliquesi 169, E.Barbosa",,1993.0,11.0,23.0,1993-11-23,2022-12-16T13:55:09Z,2022-12-16 13:55:09,,,,BR,PR,"Bocaiuva do Sul; Rod. para o Parque das Lauráceas, próximo a Colônia Joâo VI, Paraná",Mata secundária,,,,,,,,,Physical Object
Pulicaria odora (L.) Rchb.,Pulicaria,odora,,Compositae,(L.) Rchb.,Plantae,PreservedSpecimen,herbarium specimen,SANT,SANT,41851,SANT:SANT:41851-A,"J.Amigo, R.I.Louzán & al.",,1999.0,6.0,10.0,1999-06-10,2022-12-16T13:55:02Z,2022-12-16 13:55:02,,,,ES,Lu,Palas de Rei; San Martín de Ramil,En matorral muy degradado por el fuego,,,,,29TNH8344,http://www.usc.es/herbario?SANT_41851,,,Physical Object
Tocoyena formosa (C.& S.) Sch.,Tocoyena,formosa,,Rubiaceae,(C.& S.) Sch.,Plantae,PreservedSpecimen,herbarium specimen,SANT,SANT,40332,SANT:SANT:40332-A,"G.et M.Hatschbach, E.Barbosa",,1997.0,11.0,17.0,1997-11-17,2022-12-16T13:54:44Z,2022-12-16 13:54:44,,,,BR,MG,"Minas Gerais; Mun.Joaquim Felício, Serra do Cabral",Campo rupestre,,,,,,,,,Physical Object
Atriplex semibaccata R.Br.,Atriplex,semibaccata,,Chenopodiaceae,R.Br.,Plantae,PreservedSpecimen,herbarium specimen,SANT,SANT,47612,SANT:SANT:47612-A,"E.Camuñas, M.B.Crespo",,1996.0,9.0,5.0,1996-09-05,2022-12-16T13:54:32Z,2022-12-16 13:54:32,,,,ES,A,"Alicante, Babel, cerca vía",,,,,,30SYH1746,,,,Physical Object
Juncus tenuis Willd.,Juncus,tenuis,,Juncaceae,Willd.,Plantae,PreservedSpecimen,herbarium specimen,SANT,SANT,81817,SANT:SANT:81817-A,Martiño-Fiz López Lindoso,2022-09-24/02,2022.0,9.0,24.0,2022-09-24,2022-12-15T17:51:46Z,2022-12-15 17:51:46,,,,ES,C,"Pozo do Pego, Concello de Touro",Centro de camiño en carballeira. Substrato: Xisto,,,,,"42.845752,-8.319096",,,,Physical Object
Ulmus glabra Huds.,Ulmus,glabra,,Ulmaceae,Huds.,Plantae,PreservedSpecimen,herbarium specimen,SANT,SANT,81816,SANT:SANT:81816-A,Martiño-Fiz López Lindoso,2022-09-27/08,2022.0,9.0,27.0,2022-09-27,2022-12-15T17:51:46Z,2022-12-15 17:51:46,,,,ES,Po,"Rio Ulla, San Miguel de Castro, Concello da Estrada",Bosque de ribeira. Substrato: Sedimentario procedente de xisto,,,,,"42.788830,-8.388048",,,,Physical Object
Juncus tenuis Willd.,Juncus,tenuis,,Juncaceae,Willd.,Plantae,PreservedSpecimen,herbarium specimen,SANT,SANT,81818,SANT:SANT:81818-A,Martiño-Fiz López Lindoso,2022-09-27/02,2022.0,9.0,27.0,2022-09-27,2022-12-15T17:51:46Z,2022-12-15 17:51:46,,,,ES,Po,"San Miguel de Castro, Concello da Estrada",Centro de camiño. Substrato: Anfibolita,,,,,"42.782895,-8.362119",,,,Physical Object
Selinum broteri Hoffmanns. & Link,Selinum,broteri,,Umbelliferae,Hoffmanns. & Link,Plantae,PreservedSpecimen,herbarium specimen,SANT,SANT,81810,SANT:SANT:81810-A,Martiño-Fiz López Lindoso,2022-09-27/09,2022.0,9.0,27.0,2022-09-27,2022-12-15T17:51:46Z,2022-12-15 17:51:46,,Threatened taxon in Galicia,location information may be obfuscated for endangered species,ES,Po,"Rio Ulla, San Miguel de Castro, Concello da Estrada",Beira de camiño en carballeira. Substrato: Sedimentario procedente de xisto,,,,,"42.783995,-8.373416",,,,Physical Object
Ulmus glabra Huds.,Ulmus,glabra,,Ulmaceae,Huds.,Plantae,PreservedSpecimen,herbarium specimen,SANT,SANT,81815,SANT:SANT:81815-A,"Martiño-Fiz López Lindoso, Fins Eirexas Santamaria",2022-09-25/02,2022.0,9.0,25.0,2022-09-25,2022-12-15T17:51:46Z,2022-12-15 17:51:46,,,,ES,Lu,"Rio Ulla, Monte de Basadre, Concello de Palas de Rei",Bosque de ribeira. Substrato: Anfibolita,,,,,"42.844168,-7.986513",,,,Physical Object
Selinum broteri Hoffmanns. & Link,Selinum,broteri,,Umbelliferae,Hoffmanns. & Link,Plantae,PreservedSpecimen,herbarium specimen,SANT,SANT,81814,SANT:SANT:81814-A,Martiño-Fiz López Lindoso,2022-09-21/01,2022.0,9.0,21.0,2022-09-21,2022-12-15T17:51:46Z,2022-12-15 17:51:46,,Threatened taxon in Galicia,location information may be obfuscated for endangered species,ES,C,"Rio Tambre, Oca, Concello de Ames",Herbeira en bosque de ribeira. Substrato: Granitoide migmatítico,,,,,"42.932609, -8.669301",,,,Physical Object
Dryopteris aemula (Aiton) Kuntze,Dryopteris,aemula,,Aspidiaceae,(Aiton) Kuntze,Plantae,PreservedSpecimen,herbarium specimen,SANT,SANT,81808,SANT:SANT:81808-A,"Martiño-Fiz López Lindoso, Fins Eirexas Santamaria",2022-09-03,2022.0,9.0,3.0,2022-09-03,2022-12-15T17:51:46Z,2022-12-15 17:51:46,,Threatened taxon in Galicia,location information may be obfuscated for endangered species,ES,C,Montes da Ruña - Concello de Mazaricos,Na beira dunha charca. Substrato: Granito de 2 micas,,,,,"42.922940, -9.054239",,,,Physical Object
Cuscuta campestris Yuncker,Cuscuta,campestris,,Convolvulaceae,Yuncker,Plantae,PreservedSpecimen,herbarium specimen,SANT,SANT,81807,SANT:SANT:81807-A,"Martiño-Fiz López Lindoso, Fins Eirexas Santamaria, Xosé Manuel Casais",2022-09-03,2022.0,9.0,3.0,2022-09-03,2022-12-15T17:51:46Z,2022-12-15 17:51:46,,,,ES,C,Boca do Rio - Concello de Carnota,Duna gris. Substrato: Sedimentario,,,,,"42.840704, -9.104676",,,,Physical Object
Juncus tenuis Willd.,Juncus,tenuis,,Juncaceae,Willd.,Plantae,PreservedSpecimen,herbarium specimen,SANT,SANT,81806,SANT:SANT:81806-A,Martiño-Fiz López Lindoso,2022-09-10,2022.0,9.0,10.0,2022-09-10,2022-12-15T17:51:46Z,2022-12-15 17:51:46,,,,ES,Po,Castro Ferreira - Trasmañó - concello de Redondela,Ruderal no centro de camiño. Substrato: Ortogneis de biotita,,,,,"42.254047, -8.662447",,,,Physical Object
Succisa pinnatifida Lange,Succisa,pinnatifida,,Dipsacaceae,Lange,Plantae,PreservedSpecimen,herbarium specimen,SANT,SANT,81805,SANT:SANT:81805-A,Martiño-Fiz López Lindoso,2022-09-10,2022.0,9.0,10.0,2022-09-10,2022-12-15T17:51:46Z,2022-12-15 17:51:46,,Threatened taxon in Spain,location information may be obfuscated for endangered species,ES,Po,Castro Ferreira - Trasmañó - concello de Redondela,Talude seco de camiño. Substrato: Ortogneis de biotita,,,,,"42.254433, -8.661145",,,,Physical Object
Succisa pratensis Moench,Succisa,pratensis,,Dipsacaceae,Moench,Plantae,PreservedSpecimen,herbarium specimen,SANT,SANT,81804,SANT:SANT:81804-A,Martiño-Fiz López Lindoso,2022-09-13,2022.0,9.0,13.0,2022-09-13,2022-12-15T17:51:46Z,2022-12-15 17:51:46,,,,ES,C,Rio Furelos - Furelos - concello de Melide,Herbeira en bosque de ribeira. Substrato: Anfibolitas,,,,,"42.913831, -7.991046",,,,Physical Object
Selinum broteri Hoffmanns. & Link,Selinum,broteri,,Umbelliferae,Hoffmanns. & Link,Plantae,PreservedSpecimen,herbarium specimen,SANT,SANT,81803,SANT:SANT:81803-A,"Martiño-Fiz López Lindoso, Fins Eirexas Santamaria",2022-09-13,2022.0,9.0,13.0,2022-09-13,2022-12-15T17:51:46Z,2022-12-15 17:51:46,,Threatened taxon in Galicia,location information may be obfuscated for endangered species,ES,C,Rio Furelos - Furelos - concello de Melide,Herbeira en bosque de ribeira. Substrato: Anfibolitas,,,,,"42.913701, -7.991227",,,,Physical Object
Malva parviflora L.,Malva,parviflora,,Malvaceae,L.,Plantae,PreservedSpecimen,herbarium specimen,SANT,SANT,81802,SANT:SANT:81802-A,"Martiño-Fiz López Lindoso, Fins Eirexas Santamaria",2022-09-17,2022.0,9.0,17.0,2022-09-17,2022-12-15T17:51:46Z,2022-12-15 17:51:46,,,,ES,Or,Areeiras da Limia - Vilariño das Poldras - concello de Sandiás,Ruderal en cascalleira. Substrato: Sedimentos cuaternarios,,,,,"42.071604, -7.765226",,,,Physical Object
Linaria spartea (L.) Chaz.,Linaria,spartea,,Scrophulariaceae,(L.) Chaz.,Plantae,PreservedSpecimen,herbarium specimen,SANT,SANT,81801,SANT:SANT:81801-A,"Martiño-Fiz López Lindoso, Fins Eirexas Santamaria",2022-09-17,2022.0,9.0,17.0,2022-09-17,2022-12-15T17:51:46Z,2022-12-15 17:51:46,,,,ES,Or,Areeiras da Limia - Vilariño das Poldras - concello de Sandiás,Ruderal-arvense en campo de cultivo. Substrato: Sedimentos cuaternarios,,,,,"42.079857, -7.756673",,,,Physical Object
Reseda luteola L.,Reseda,luteola,,Resedaceae,L.,Plantae,PreservedSpecimen,herbarium specimen,SANT,SANT,81800,SANT:SANT:81800-A,"Martiño-Fiz López Lindoso, Fins Eirexas Santamaria",2022-09-17,2022.0,9.0,17.0,2022-09-17,2022-12-15T17:51:46Z,2022-12-15 17:51:46,,,,ES,Or,Areeiras da Limia - Vilariño das Poldras - concello de Sandiás,Ruderal-arvense. Substrato: Sedimentos cuaternarios,,,,,,,,,Physical Object
Cyperus fuscus L.,Cyperus,fuscus,,Cyperaceae,L.,Plantae,PreservedSpecimen,herbarium specimen,SANT,SANT,81799,SANT:SANT:81799-A,"Martiño-Fiz López Lindoso, Fins Eirexas Santamaria",2022-09-17,2022.0,9.0,17.0,2022-09-17,2022-12-15T17:51:46Z,2022-12-15 17:51:46,,,,ES,Or,Areeiras da Limia - Vilariño das Poldras - concello de Sandiás,Lagoa de inundación temporal. Substrato: Sedimentos cuaternarios,,,,,"42.080148, -7.761106",,,,Physical Object
Chondrilla juncea L.,Chondrilla,juncea,,Compositae,L.,Plantae,PreservedSpecimen,herbarium specimen,SANT,SANT,81798,SANT:SANT:81798-A,"Martiño-Fiz López Lindoso, Fins Eirexas Santamaria",2022-09-17,2022.0,9.0,17.0,2022-09-17,2022-12-15T17:51:46Z,2022-12-15 17:51:46,,,,ES,Or,Areeiras da Limia - Vilariño das Poldras - concello de Sandiás,Ruderal-arvense na beira de pista. Substrato: Sedimentos cuaternarios,,,,,,,,,Physical Object
Selinum broteri Hoffmanns. & Link,Selinum,broteri,,Umbelliferae,Hoffmanns. & Link,Plantae,PreservedSpecimen,herbarium specimen,SANT,SANT,81809,SANT:SANT:81809-A,Martiño-Fiz López Lindoso,2022-09-24/01,2022.0,9.0,24.0,2022-09-24,2022-12-15T17:51:46Z,2022-12-15 17:51:46,,Threatened taxon in Galicia,location information may be obfuscated for endangered species,ES,C,"Rio Ulla, Pozo do Pego, Concello de Touro",Carballeira e bosque de ribeira. Substrato: Xisto,,,,,"42.845997,-8.316411",,,,Physical Object
Selinum broteri Hoffmanns. & Link,Selinum,broteri,,Umbelliferae,Hoffmanns. & Link,Plantae,PreservedSpecimen,herbarium specimen,SANT,SANT,81813,SANT:SANT:81813-A,Martiño-Fiz López Lindoso,2022-09-22/01,2022.0,9.0,22.0,2022-09-22,2022-12-15T17:51:46Z,2022-12-15 17:51:46,,Threatened taxon in Galicia,location information may be obfuscated for endangered species,ES,C,"Carballeira de Bando, Concello de Santiago de Compostela",Beira de camiño sobre rego húmido. Substrato: Anfibolita,,,,,"42.880262,-8.473727",,,,Physical Object
Selinum broteri Hoffmanns. & Link,Selinum,broteri,,Umbelliferae,Hoffmanns. & Link,Plantae,PreservedSpecimen,herbarium specimen,SANT,SANT,81812,SANT:SANT:81812-A,Martiño-Fiz López Lindoso,2022-09-23/01,2022.0,9.0,23.0,2022-09-23,2022-12-15T17:51:46Z,2022-12-15 17:51:46,,Threatened taxon in Galicia,location information may be obfuscated for endangered species,ES,C,"Rio Tambre, A Tarroeira, Concello do Pino","Herbeira, entre prado e bosque de ribeira. Substrato: Sedimentario procedente de xisto",,,,,"42.951586, -8.348075",,,,Physical Object
Selinum broteri Hoffmanns. & Link,Selinum,broteri,,Umbelliferae,Hoffmanns. & Link,Plantae,PreservedSpecimen,herbarium specimen,SANT,SANT,81811,SANT:SANT:81811-A,"Martiño-Fiz López Lindoso, Fins Eirexas Santamaria",2022-09-25/01,2022.0,9.0,25.0,2022-09-25,2022-12-15T17:51:46Z,2022-12-15 17:51:46,,Threatened taxon in Galicia,location information may be obfuscated for endangered species,ES,Lu,"Rio Ulla, Monte de Basadre, Concello de Palas de Rei",Herbeira en prado semiabandoado. Substrato: Anfibolita,,,,,"42.844523,-7.979962",,,,Physical Object
Amaranthus powellii S.Watson,Amaranthus,powellii,,Amaranthaceae,S.Watson,Plantae,PreservedSpecimen,herbarium specimen,SANT,SANT,81827,SANT:SANT:81827-A,"Martiño-Fiz López Lindoso, Fins Eirexas Santamaria",2022-09-25/04,2022.0,9.0,25.0,2022-09-25,2022-12-15T17:51:46Z,2022-12-15 17:51:46,,,,ES,Lu,"Rio Ulla, Monte de Basadre, Concello de Palas de Rei",Prado. Substrato: Anfibolita,,,,,"42.844917,-7.979755",,,,Physical Object
Potamogeton berchtoldii Fieber,Potamogeton,berchtoldii,,Potamogetonaceae,Fieber,Plantae,PreservedSpecimen,herbarium specimen,SANT,SANT,81826,SANT:SANT:81826-A,Martiño-Fiz López Lindoso,2022-09-27/01,2022.0,9.0,27.0,2022-09-27,2022-12-15T17:51:46Z,2022-12-15 17:51:46,,,,ES,Po,"Rio Ulla, San Miguel de Castro, Concello da Estrada","Submerxido no rio Ulla, en auga remansada. Substrato: Sedimentario procedente de xisto",,,,,"42.786093,-8.392253",,,,Physical Object
Symphyotrichum lanceolatum (Willd.) G. L. Nesom,Symphyotrichum,lanceolatum,,Compositae,(Willd.) G. L. Nesom,Plantae,PreservedSpecimen,herbarium specimen,SANT,SANT,81825,SANT:SANT:81825-A,Martiño-Fiz López Lindoso,2022-09-27/03,2022.0,9.0,27.0,2022-09-27,2022-12-15T17:51:46Z,2022-12-15 17:51:46,,,,ES,Po,"Rio Ulla, San Miguel de Castro, Concello da Estrada",Bosque de ribeira. Substrato: Sedimentario procedente de xisto,,,,,"42.789810,-8.390285",,,,Physical Object
Dysphania ambrosioides (L.) Mosyakin & Clemants,Dysphania,ambrosioides,,Chenopodiaceae,(L.) Mosyakin & Clemants,Plantae,PreservedSpecimen,herbarium specimen,SANT,SANT,81824,SANT:SANT:81824-A,Martiño-Fiz López Lindoso,2022-09-27/04,2022.0,9.0,27.0,2022-09-27,2022-12-15T17:51:46Z,2022-12-15 17:51:46,,,,ES,Po,"Rio Ulla, San Miguel de Castro, Concello da Estrada","Beira de camiño, ruderal. Substrato: Sedimentario procedente de xisto",,,,,"42.783853,-8.378323",,,,Physical Object
Thalictrum speciosissimum L.,Thalictrum,speciosissimum,,Ranunculaceae,L.,Plantae,PreservedSpecimen,herbarium specimen,SANT,SANT,81823,SANT:SANT:81823-A,Martiño-Fiz López Lindoso,2022-09-27/05,2022.0,9.0,27.0,2022-09-27,2022-12-15T17:51:46Z,2022-12-15 17:51:46,,,,ES,Po,"Rio Ulla, San Miguel de Castro, Concello da Estrada",Bosque de ribeira. Substrato: Sedimentario procedente de xisto,,,,,"42.783949,-8.378031",,,,Physical Object
Setaria pumila (Poir.) Roem. & Schult.,Setaria,pumila,,Gramineae,(Poir.) Roem. & Schult.,Plantae,PreservedSpecimen,herbarium specimen,SANT,SANT,81822,SANT:SANT:81822-A,Martiño-Fiz López Lindoso,2022-09-27/07,2022.0,9.0,27.0,2022-09-27,2022-12-15T17:51:46Z,2022-12-15 17:51:46,,,,ES,Po,"Rio Ulla, San Miguel de Castro, Concello da Estrada",Prado. Substrato: Sedimentario procedente de xisto,,,,,"42.783419,-8.371051",,,,Physical Object
Salix fragilis L.,Salix,fragilis,,Salicaceae,L.,Plantae,PreservedSpecimen,herbarium specimen,SANT,SANT,81821,SANT:SANT:81821-A,"Martiño-Fiz López Lindoso, Fins Eirexas Santamaria",2022-09-25/05,2022.0,9.0,25.0,2022-09-25,2022-12-15T17:51:46Z,2022-12-15 17:51:46,,,,ES,Lu,"Rio Ulla, Monte de Basadre, Concello de Palas de Rei",Bosque de ribeira. Substrato: Anfibolita,,,,,"42.842352,-7.984920",,,,Physical Object
Mentha arvensis L.,Mentha,arvensis,,Labiatae,L.,Plantae,PreservedSpecimen,herbarium specimen,SANT,SANT,81820,SANT:SANT:81820-A,Martiño-Fiz López Lindoso,2022-09-27/06,2022.0,9.0,27.0,2022-09-27,2022-12-15T17:51:46Z,2022-12-15 17:51:46,,,,ES,Po,"Rio Ulla, San Miguel de Castro, Concello da Estrada",Bosque de ribeira. Substrato: Sedimentario procedente de xisto,,,,,"42.785039,-8.375021",,,,Physical Object
Mentha arvensis L.,Mentha,arvensis,,Labiatae,L.,Plantae,PreservedSpecimen,herbarium specimen,SANT,SANT,81819,SANT:SANT:81819-A,"Martiño-Fiz López Lindoso, Fins Eirexas Santamaria",2022-09-25/03,2022.0,9.0,25.0,2022-09-25,2022-12-15T17:51:46Z,2022-12-15 17:51:46,,,,ES,Lu,"Rio Ulla, Monte de Basadre, Concello de Palas de Rei",Bosque de ribeira. Substrato: Anfibolita,,,,,"42.844119,-7.980743",,,,Physical Object
Erigeron floribundus (Kunth) Sch.Bip.,Erigeron,floribundus,,Compositae,(Kunth) Sch.Bip.,Plantae,PreservedSpecimen,herbarium specimen,SANT,SANT,81906,SANT:SANT:81906-A,"Martiño-Fiz López Lindoso, Javier Calvo Vázquez",2022-12-01/01,2022.0,12.0,1.0,2022-12-01,2022-12-15T17:38:14Z,2022-12-15 17:38:14,,,,ES,C,"Berdoias, Concello de Vimianzo",Ruderal. Substrato: Sedimentario procedente de granito de duas micas,,,,,"43.061742,-9.086461",,,,Physical Object
Ulmus glabra Huds.,Ulmus,glabra,,Ulmaceae,Huds.,Plantae,PreservedSpecimen,herbarium specimen,SANT,SANT,81916,SANT:SANT:81916-A,Martiño-Fiz López Lindoso,2022-11-29/02,2022.0,11.0,29.0,2022-11-29,2022-12-15T17:37:51Z,2022-12-15 17:37:51,,,,ES,C,"Rio Barcés, A Cabra, Concello de Carral",Bosque de ribeira. Substrato: Xisto,,,,,"43.185268,-8.390029",,,,Physical Object
Dryopteris guanchica Gibby & Jermy,Dryopteris,guanchica,,Aspidiaceae,Gibby & Jermy,Plantae,PreservedSpecimen,herbarium specimen,SANT,SANT,81902,SANT:SANT:81902-A,Martiño-Fiz López Lindoso,2022-11-29/01,2022.0,11.0,29.0,2022-11-29,2022-12-15T17:37:07Z,2022-12-15 17:37:07,,Threatened taxon in Galicia,location information may be obfuscated for endangered species,ES,C,"Rio Barcés, A Cabra, Concello de Carral",Talude en carballeira. Substrato: Xisto,,,,,"43.184887,-8.390008",,,,Physical Object
Selinum broteri Hoffmanns. & Link,Selinum,broteri,,Umbelliferae,Hoffmanns. & Link,Plantae,PreservedSpecimen,herbarium specimen,SANT,SANT,81911,SANT:SANT:81911-A,"Martiño-Fiz López Lindoso, Fins Eirexas Santamaria",2022-11-26/02,2022.0,11.0,26.0,2022-11-26,2022-12-15T17:36:30Z,2022-12-15 17:36:30,,Threatened taxon in Galicia,location information may be obfuscated for endangered species,ES,C,"Rus, Concello de Carballo",Cuneta de camiño. Substrato: Gabro,,,,,"43.158293,-8.664559",,,,Physical Object
Erigeron floribundus (Kunth) Sch.Bip.,Erigeron,floribundus,,Compositae,(Kunth) Sch.Bip.,Plantae,PreservedSpecimen,herbarium specimen,SANT,SANT,81905,SANT:SANT:81905-A,"Martiño-Fiz López Lindoso, Fins Eirexas Santamaria",2022-11-26/01,2022.0,11.0,26.0,2022-11-26,2022-12-15T17:35:57Z,2022-12-15 17:35:57,,,,ES,C,"Rus, Concello de Carballo",Cuneta de estrada. Substrato: Gabro,,,,,"43.158372,-8.660865",,,,Physical Object
Ulmus glabra Huds.,Ulmus,glabra,,Ulmaceae,Huds.,Plantae,PreservedSpecimen,herbarium specimen,SANT,SANT,81915,SANT:SANT:81915-A,"Martiño-Fiz López Lindoso, Fins Eirexas Santamaria",2022-11-20/01,2022.0,11.0,20.0,2022-11-20,2022-12-15T17:35:26Z,2022-12-15 17:35:26,,,,ES,C,"Rio Candás, O Barreiro, Concello de Aranga",Bosque de ribeira. Substrato: Granito alcalino de duas micas,,,,,"43.224976,-8.009065",,,,Physical Object
Erigeron floribundus (Kunth) Sch.Bip.,Erigeron,floribundus,,Compositae,(Kunth) Sch.Bip.,Plantae,PreservedSpecimen,herbarium specimen,SANT,SANT,81904,SANT:SANT:81904-A,Martiño-Fiz López Lindoso,2022-11-13/01,2022.0,11.0,13.0,2022-11-13,2022-12-15T17:34:51Z,2022-12-15 17:34:51,,,,ES,Po,"Monte Lobeira, Concello de Vilagarcia de Arousa",Ruderal. Substrato: Granodiorita (Granitoide calcoalcalino),,,,,"42.562536,-8.763006",,,,Physical Object
Dryopteris guanchica Gibby & Jermy,Dryopteris,guanchica,,Aspidiaceae,Gibby & Jermy,Plantae,PreservedSpecimen,herbarium specimen,SANT,SANT,81909,SANT:SANT:81909-A,"Martiño-Fiz López Lindoso, Fins Eirexas Santamaria, Xose Manuel Casais",2022-11-12/03,2022.0,11.0,12.0,2022-11-12,2022-12-15T17:34:03Z,2022-12-15 17:34:03,,Threatened taxon in Galicia,location information may be obfuscated for endangered species,ES,C,"Monte Pindo, Quilmas, Concello de Carnota",Fenda de rochedo (Rupícola). Substrato: Granitoide calcoalcalino,,,,,"42.879631,-9.124697",,,,Physical Object
Setaria pumila (Poir.) Roem. & Schult.,Setaria,pumila,,Gramineae,(Poir.) Roem. & Schult.,Plantae,PreservedSpecimen,herbarium specimen,SANT,SANT,81914,SANT:SANT:81914-A,"Martiño-Fiz López Lindoso, Fins Eirexas Santamaria, Xose Manuel Casais",2022-11-12/02,2022.0,11.0,12.0,2022-11-12,2022-12-15T17:33:36Z,2022-12-15 17:33:36,,,,ES,C,"Quilmas, Concello de Carnota",Ruderal. Substrato: Granitoide calcoalcalino,,,,,"42.872229,-9.140409",,,,Physical Object
Erigeron floribundus (Kunth) Sch.Bip.,Erigeron,floribundus,,Compositae,(Kunth) Sch.Bip.,Plantae,PreservedSpecimen,herbarium specimen,SANT,SANT,81903,SANT:SANT:81903-A,"Martiño-Fiz López Lindoso, Fins Eirexas Santamaria, Xose Manuel Casais",2022-11-12/01,2022.0,11.0,12.0,2022-11-12,2022-12-15T17:32:48Z,2022-12-15 17:32:48,,,,ES,C,"Monte Pindo, Quilmas, Concello de Carnota",Ruderal. Substrato: Granitoide calcoalcalino,,,,,"42.870274,-9.134210",,,,Physical Object
Erigeron floribundus (Kunth) Sch.Bip.,Erigeron,floribundus,,Compositae,(Kunth) Sch.Bip.,Plantae,PreservedSpecimen,herbarium specimen,SANT,SANT,81908,SANT:SANT:81908-A,"Martiño-Fiz López Lindoso, Fins Eirexas Santamaria",2022-12-06/02,2022.0,12.0,6.0,2022-12-06,2022-12-15T15:04:17Z,2022-12-15 15:04:17,,,,ES,C,"Parque José Zeca Afonso, Vite, Santiago de Compostela",Ruderal. Substrato: Xisto,,,,,"42.889874,-8.542710",,,,Physical Object
Linaria saxatilis (L.) Chaz.,Linaria,saxatilis,,Scrophulariaceae,(L.) Chaz.,Plantae,PreservedSpecimen,herbarium specimen,SANT,SANT,81910,SANT:SANT:81910-A,"Martiño-Fiz López Lindoso, Fins Eirexas Santamaria",2022-12-06/01,2022.0,12.0,6.0,2022-12-06,2022-12-15T15:03:43Z,2022-12-15 15:03:43,,,,ES,C,"Rua dos Xasmíns, Santiago de Compostela",Muro de pedra (Rupícola). Substrato: Xisto,,,,,"42.885146,-8.542696",,,,Physical Object
Selinum broteri Hoffmanns. & Link,Selinum,broteri,,Umbelliferae,Hoffmanns. & Link,Plantae,PreservedSpecimen,herbarium specimen,SANT,SANT,81913,SANT:SANT:81913-A,"Martiño-Fiz López Lindoso, Fins Eirexas Santamaria",2022-12-04/03,2022.0,12.0,4.0,2022-12-04,2022-12-15T15:03:18Z,2022-12-15 15:03:18,,Threatened taxon in Galicia,location information may be obfuscated for endangered species,ES,C,"Rio Dubra, Arabexo, Concello do Val do Dubra",Herbeira en bosque de ribeira. Substrato: Gabro,,,,,"43.059977,-8.669298",,,,Physical Object
Dryopteris carthusiana (Vill.) H.P.Fuchs,Dryopteris,carthusiana,,Aspidiaceae,(Vill.) H.P.Fuchs,Plantae,PreservedSpecimen,herbarium specimen,SANT,SANT,81898,SANT:SANT:81898-A,"Martiño-Fiz López Lindoso, Fins Eirexas Santamaria",2022-12-04/02,2022.0,12.0,4.0,2022-12-04,2022-12-15T15:02:49Z,2022-12-15 15:02:49,,,,ES,C,"Rio Dubra, Arabexo, Concello de Val do Dubra",Herbeira en repoboación de Eucalyptus globulus. Substrato: Gabro,,,,,"43.063320,-8.671626",,,,Physical Object
Erigeron floribundus (Kunth) Sch.Bip.,Erigeron,floribundus,,Compositae,(Kunth) Sch.Bip.,Plantae,PreservedSpecimen,herbarium specimen,SANT,SANT,81907,SANT:SANT:81907-A,"Martiño-Fiz López Lindoso, Fins Eirexas Santamaria",2022-12-04/01,2022.0,12.0,4.0,2022-12-04,2022-12-15T15:01:50Z,2022-12-15 15:01:50,,,,ES,C,"Estrada Compostela-Carballo, Arabexo, Concello de Val do Dubra",Cuneta de estrada. Substrato: Gabro,,,,,"43.059881,-8.673759",,,,Physical Object
Vandenboschia speciosa (Willd.) G.Kunkel,Vandenboschia,speciosa,,Hymenophyllaceae,(Willd.) G.Kunkel,Plantae,PreservedSpecimen,herbarium specimen,SANT,SANT,81917,SANT:SANT:81917-A,"Martiño-Fiz López Lindoso, Fins Eirexas Santamaria",2022-12-03/03,2022.0,12.0,3.0,2022-12-03,2022-12-15T15:01:18Z,2022-12-15 15:01:18,,Threatened taxon in Galicia,location information may be obfuscated for endangered species,ES,C,"Rio Mendo, Filgueira de Barranca, Concello de Oza-Cesuras",Preto dunha fervenza dentro de bosque de ribeira. Substrato: Xisto,,,,,"43.149560,-8.170951",,,,Physical Object
Selinum broteri Hoffmanns. & Link,Selinum,broteri,,Umbelliferae,Hoffmanns. & Link,Plantae,PreservedSpecimen,herbarium specimen,SANT,SANT,81912,SANT:SANT:81912-A,"Martiño-Fiz López Lindoso, Fins Eirexas Santamaria",2022-12-03/02,2022.0,12.0,3.0,2022-12-03,2022-12-15T15:00:42Z,2022-12-15 15:00:42,,Threatened taxon in Galicia,location information may be obfuscated for endangered species,ES,C,"Rio Mendo, Filgueira de Barranca, Concello de Oza-Cesuras",Cuneta de pista forestal. Substrato: Xisto,,,,,"43.156423,-8.183850",,,,Physical Object
Dryopteris carthusiana (Vill.) H.P.Fuchs,Dryopteris,carthusiana,,Aspidiaceae,(Vill.) H.P.Fuchs,Plantae,PreservedSpecimen,herbarium specimen,SANT,SANT,81897,SANT:SANT:81897-A,"Martiño-Fiz López Lindoso, Fins Eirexas Santamaria",2022-12-03/01,2022.0,12.0,3.0,2022-12-03,2022-12-15T14:59:45Z,2022-12-15 14:59:45,,,,ES,C,"Rio Mendo, Filgueira de Barranca, Concello de Oza-Cesuras",Bosque de ribeira. Substrato: Xisto,,,,,"43.157448,-8.181588",,,,Physical Object
Dryopteris guanchica Gibby & Jermy,Dryopteris,guanchica,,Aspidiaceae,Gibby & Jermy,Plantae,PreservedSpecimen,herbarium specimen,SANT,SANT,81901,SANT:SANT:81901-A,"Martiño-Fiz López Lindoso, Javier Calvo Vázquez",2022-12-01/05,2022.0,12.0,1.0,2022-12-01,2022-12-15T14:58:33Z,2022-12-15 14:58:33,,Threatened taxon in Galicia,location information may be obfuscated for endangered species,ES,C,"Monte As Barreiras, Olveira, Concello de Dumbria",Fendas de rochedos (Rupícola). Substrato: Ortogneis de duas micas,,,,,"42.996865,-9.049427",,,,Physical Object
Dryopteris guanchica Gibby & Jermy,Dryopteris,guanchica,,Aspidiaceae,Gibby & Jermy,Plantae,PreservedSpecimen,herbarium specimen,SANT,SANT,81900,SANT:SANT:81900-A,"Martiño-Fiz López Lindoso, Javier Calvo Vázquez",2022-12-01/04,2022.0,12.0,1.0,2022-12-01,2022-12-15T14:55:26Z,2022-12-15 14:55:26,,Threatened taxon in Galicia,location information may be obfuscated for endangered species,ES,C,"Rio Castro, Boallo, Concello de Vimianzo",Carballeira. Substrato: Sedimentario procedente de granito de duas micas,,,,,"43.065072,-9.089983",,,,Physical Object
Dryopteris carthusiana (Vill.) H.P.Fuchs,Dryopteris,carthusiana,,Aspidiaceae,(Vill.) H.P.Fuchs,Plantae,PreservedSpecimen,herbarium specimen,SANT,SANT,81899,SANT:SANT:81899-A,"Martiño-Fiz López Lindoso, Javier Calvo Vázquez",2022-12-01/03,2022.0,12.0,1.0,2022-12-01,2022-12-15T14:53:20Z,2022-12-15 14:53:20,,,,ES,C,"Rego de Berdoias, Berdoias, Concello de Vimianzo",camiño. Substrato: Xisto,,,,,"43.060596,-9.085619",,,,Physical Object
Dryopteris aemula (Aiton) Kuntze,Dryopteris,aemula,,Aspidiaceae,(Aiton) Kuntze,Plantae,PreservedSpecimen,herbarium specimen,SANT,SANT,81896,SANT:SANT:81896-A,"Martiño-Fiz López Lindoso, Javier Calvo Vázquez",2022-12-01/02,2022.0,12.0,1.0,2022-12-01,2022-12-15T14:51:18Z,2022-12-15 14:51:18,,Threatened taxon in Galicia,location information may be obfuscated for endangered species,ES,C,"Rego de Berdoias, Berdoias, Concello de Vimianzo",Talude en camiño. Substrato: Xisto,,,,,"43.060197,-9.085501",,,,Physical Object
Jasione mansanetiana R. Roselló & Peris,Jasione,mansanetiana,,Campanulaceae,R. Roselló & Peris,Plantae,PreservedSpecimen,herbarium specimen,SANT,SANT,81895,SANT:SANT:81895-A,,CJB-455,2022.0,11.0,1.0,2022-11-01,2022-12-01T13:16:50Z,2022-12-01 13:16:50,,Threatened taxon in Spain,location information may be obfuscated for endangered species,ES,V,"València, Dos Aguas, Alto de los Cuchillos",,,,,,32.263943º / -0.691241º WGS84,,,,Physical Object
Leucaena leucocephala (Lam.) de Wit,Leucaena,leucocephala,,Leguminosae,(Lam.) de Wit,Plantae,PreservedSpecimen,herbarium specimen,SANT,SANT,79657,SANT:SANT:79657-A,,,2018.0,2.0,1.0,2018-02-01,2022-11-29T13:17:55Z,2022-11-29 13:17:55,,,,ES,T,"Tarragona: Tarragonés, Roda de Berà, Costa Daurada neighbourhood",in vacant lots,,,,,31TCF724596,,,,Physical Object
Cynosurus effusus Link var. obliquatus (Link) Cantó & Devesa,,effusus,obliquatus,Gramineae,(Link) Cantó & Devesa,Plantae,PreservedSpecimen,herbarium specimen,SANT,SANT,62056,SANT:SANT:62056-B,V. López Seoane,,1858.0,,,1858-01-01,2022-11-29T10:57:05Z,2022-11-29 10:57:05,,,,ES,Gr,proppe Granat.,,,,,,,,,,Physical Object
Cynosurus echinatus L.,Cynosurus,echinatus,,Gramineae,L.,Plantae,PreservedSpecimen,herbarium specimen,SANT,SANT,62056,SANT:SANT:62056-A,V. López Seoane,,1858.0,,,1858-01-01,2022-11-29T10:57:05Z,2022-11-29 10:57:05,,,,ES,Gr,proppe Granat.,,,,,,,,,,Physical Object
Crepis setosa Hall f. subsp. setosa,Crepis,setosa,setosa,Compositae,Hall f.,Plantae,PreservedSpecimen,herbarium specimen,SANT,SANT,42195,SANT:SANT:42195-A,A.Sànchez-Cuxart,,1997.0,5.0,9.0,1997-05-09,2022-11-29T01:04:12Z,2022-11-29 01:04:12,,,,ES,B,Barcelona: bajo Santa María de Palautordera,campo abandonado,,,,,31TDG5515,,,,Physical Object
,Sonchus,,,Compositae,,Plantae,PreservedSpecimen,herbarium specimen,SANT,SANT,42195,SANT:SANT:42195-B,A.Sànchez-Cuxart,,1997.0,5.0,9.0,1997-05-09,2022-11-29T01:04:12Z,2022-11-29 01:04:12,,,,ES,B,Barcelona: bajo Santa María de Palautordera,campo abandonado,,,,,31TDG5515,,,,Physical Object
Cheilanthes maderensis Lowe,Cheilanthes,maderensis,,Sinopteridaceae,Lowe,Plantae,PreservedSpecimen,herbarium specimen,SANT,SANT,28023,SANT:SANT:28023-B,P.Cubas; M.Gutiérrez; C.Pardo; M.Prada,,1978.0,4.0,23.0,1978-04-23,2022-11-28T23:30:48Z,2022-11-28 23:30:48,,,,PT,,"pasado Leiria, carretera a Coimbra, Km. 3",,,,,,,,,,Physical Object
"Xolantha tuberaria (L.) Gallego, Muñoz Garm. & C.Navarro",Xolantha,tuberaria,,Cistaceae,"(L.) Gallego, Muñoz Garm. & C.Navarro",Plantae,PreservedSpecimen,herbarium specimen,SANT,SANT,28023,SANT:SANT:28023-A,,,,,,,2022-11-28T23:30:19Z,2022-11-28 23:30:19,,,,?,,,,,,,,,,,,Physical Object
Arctotheca calendula (L.) Levyns,Arctotheca,calendula,,Compositae,(L.) Levyns,Plantae,PreservedSpecimen,herbarium specimen,SANT,SANT,15472,SANT:SANT:15472-A,"J.Izco, I.Cruces, J.Guitián, P.Guitián",,1983.0,4.0,12.0,1983-04-12,2022-11-28T19:45:43Z,2022-11-28 19:45:43,,,,ES,C,Playa de Testal (La Coruña),Dunas móviles,,,,,,,,,Physical Object
Eryngium viviparum J.Gay subsp. bariegoi M. I. Romero Buján & C. Real Rodríguez,Eryngium,viviparum,bariegoi,Umbelliferae,M. I. Romero Buján & C. Real Rodríguez,Plantae,PreservedSpecimen,herbarium specimen,SANT,SANT,50009,SANT:SANT:50009-A,M.I.Romero; P.Ramil; P.Bariego,,2003.0,11.0,1.0,2003-11-01,2022-11-27T13:40:27Z,2022-11-27 13:40:27,holotype,Threatened taxon in Spain,location information may be obfuscated for endangered species,ES,Za,"Zamora, Otero de Bodas",,,,,,,http://www.usc.es/herbario?SANT_50009,,,Physical Object
Eryngium viviparum J.Gay subsp. bariegoi M. I. Romero Buján & C. Real Rodríguez,Eryngium,viviparum,bariegoi,Umbelliferae,M. I. Romero Buján & C. Real Rodríguez,Plantae,PreservedSpecimen,herbarium specimen,SANT,SANT,50009,SANT:SANT:50009-B,,,2003.0,11.0,1.0,2003-11-01,2022-11-27T13:40:27Z,2022-11-27 13:40:27,isotype,Threatened taxon in Spain,location information may be obfuscated for endangered species,ES,Za,"Zamora, Otero de Bodas",,,,,,,http://www.usc.es/herbario?SANT_50009,,,Physical Object
Thymus erianthus (Boiss.) Pau ex Ceballos & Vicioso,Thymus,erianthus,,Labiatae,(Boiss.) Pau ex Ceballos & Vicioso,Plantae,PreservedSpecimen,herbarium specimen,SANT,SANT,2813,SANT:SANT:2813-A,Cuatrecasas,,1934.0,6.0,8.0,1934-06-08,2022-11-22T13:05:14Z,2022-11-22 13:05:14,,,,ES,Ma,Canillas de Albaida,,,,,,,,,,Physical Object
Convolvulus soldanella L.,Convolvulus,soldanella,,Convolvulaceae,L.,Plantae,PreservedSpecimen,herbarium specimen,SANT,SANT,6437,SANT:SANT:6437-A,R.Alvarez,,1951.0,7.0,1.0,1951-07-01,2022-11-22T13:03:10Z,2022-11-22 13:03:10,,,,ES,C,"Playa de la Magdalena, Puentedeume (La Coruña)",,,,,,,,,,Physical Object
Sedum acre L.,Sedum,acre,,Crassulaceae,L.,Plantae,PreservedSpecimen,herbarium specimen,SANT,SANT,6436,SANT:SANT:6436-A,R.Álvarez,,1951.0,7.0,1.0,1951-07-01,2022-11-22T13:02:30Z,2022-11-22 13:02:30,,,,ES,C,Playa de la Magdalena,,,,,,,,,,Physical Object
Sedum album L.,Sedum,album,,Crassulaceae,L.,Plantae,PreservedSpecimen,herbarium specimen,SANT,SANT,7381,SANT:SANT:7381-A,R.Álvarez,,1951.0,7.0,1.0,1951-07-01,2022-11-22T13:02:20Z,2022-11-22 13:02:20,,,,ES,C,Playa de la Magdalena - Puentedeume,,,,,,,,,,Physical Object
Genista hystrix Lange,Genista,hystrix,,Leguminosae,Lange,Plantae,PreservedSpecimen,herbarium specimen,SANT,SANT,28770,SANT:SANT:28770-A,"A.Penas, M.E.García, G.González Sierra",,1991.0,6.0,14.0,1991-06-14,2022-11-22T11:43:27Z,2022-11-22 11:43:27,,,,ES,Le,León: Emb. Peñarrubia,aulagar,,-6.81748576651,42.444300511,707.0,29TPH7901,,,,Physical Object
Santolina villosa Mill.,Santolina,villosa,,Compositae,Mill.,Plantae,PreservedSpecimen,herbarium specimen,SANT,SANT,81893,SANT:SANT:81893-A,Carlos Jiménez,CJB-413,2022.0,6.0,12.0,2022-06-12,2022-11-22T10:36:13Z,2022-11-22 10:36:13,,,,ES,V,"Alto del Pelegrí, Ayora (V). Inicio del parque eólico",,,,,,"30SXJ7817 
X:678.680,68 
Y:4.317.653,21",,,,Physical Object
Santolina villosa Mill.,Santolina,villosa,,Compositae,Mill.,Plantae,PreservedSpecimen,herbarium specimen,SANT,SANT,81894,SANT:SANT:81894-A,Carlos Jiménez,CJB-412,2022.0,6.0,12.0,2022-06-12,2022-11-22T10:30:07Z,2022-11-22 10:30:07,,,,ES,V,"Cueva Horadada, Ayora (V). Final de la pista",,,,,,"30SXJ8120 
X:681.838,75 
Y:4.320.841,78",,,,Physical Object
Erigeron floribundus (Kunth) Sch.Bip.,Erigeron,floribundus,,Compositae,(Kunth) Sch.Bip.,Plantae,PreservedSpecimen,herbarium specimen,SANT,SANT,81892,SANT:SANT:81892-A,"Martiño-Fiz López Lindoso, Fins Eirexas Santamaria",2022-10-30/01,2022.0,10.0,30.0,2022-10-30,2022-11-15T11:44:02Z,2022-11-15 11:44:02,,,,ES,C,"Punta Nariga, Concello de Malpica de Bergantiños",Cuneta de estrada. Substrato: Granito alcalino de duas micas,,,,,"43.314162,-8.898607",,,,Physical Object
Spergularia melanocaulos Merino,Spergularia,melanocaulos,,Caryophyllaceae,Merino,Plantae,PreservedSpecimen,herbarium specimen,SANT,SANT,81891,SANT:SANT:81891-A,"Martiño-Fiz López Lindoso, Fins Eirexas Santamaria",2022-10-30/02,2022.0,10.0,30.0,2022-10-30,2022-11-15T11:34:07Z,2022-11-15 11:34:07,,,,ES,C,"Punta Nariga, Concello de Malpica de Bergantiños",Cantil mariño. Substrato: Granito alcalino de duas micas,,,,,"43.318254,-8.912500",,,,Physical Object
Ulmus glabra Huds.,Ulmus,glabra,,Ulmaceae,Huds.,Plantae,PreservedSpecimen,herbarium specimen,SANT,SANT,81890,SANT:SANT:81890-A,"Martiño-Fiz López Lindoso, Fins Eirexas Santamaria",2022-11-01/01,2022.0,11.0,1.0,2022-11-01,2022-11-15T11:32:56Z,2022-11-15 11:32:56,,,,ES,Po,"Rio Verdugo, Comboa, Concello de Soutomaior",Bosque de ribeira. Substrato: Granito alcalino de duas micas,,,,,"42.343925,-8.565574",,,,Physical Object
Dryopteris carthusiana (Vill.) H.P.Fuchs,Dryopteris,carthusiana,,Aspidiaceae,(Vill.) H.P.Fuchs,Plantae,PreservedSpecimen,herbarium specimen,SANT,SANT,81888,SANT:SANT:81888-A,"Martiño-Fiz López Lindoso, Fins Eirexas Santamaria",2022-11-05/02,2022.0,11.0,5.0,2022-11-05,2022-11-15T11:31:38Z,2022-11-15 11:31:38,,,,ES,C,"Rio Mendo, Merille, Concello de Coirós",Carballeira e bosque de ribeira. Substrato: Xisto,,,,,"43.237890,-8.176754",,,,Physical Object
Selinum broteri Hoffmanns. & Link,Selinum,broteri,,Umbelliferae,Hoffmanns. & Link,Plantae,PreservedSpecimen,herbarium specimen,SANT,SANT,81887,SANT:SANT:81887-A,"Martiño-Fiz López Lindoso, Fins Eirexas Santamaria",2022-11-05/03,2022.0,11.0,5.0,2022-11-05,2022-11-15T11:30:37Z,2022-11-15 11:30:37,,Threatened taxon in Galicia,location information may be obfuscated for endangered species,ES,C,"Rio Mendo, Oza dos Rios, Concello de Oza-Cesuras",Herbeira en bosque de ribeira. Substrato: Xisto,,,,,"43.240877,-8.180465",,,,Physical Object
Ulmus minor Mill.,Ulmus,minor,,Ulmaceae,Mill.,Plantae,PreservedSpecimen,herbarium specimen,SANT,SANT,81886,SANT:SANT:81886-A,"Martiño-Fiz López Lindoso, Fins Eirexas Santamaria",2022-11-05/04,2022.0,11.0,5.0,2022-11-05,2022-11-15T11:28:09Z,2022-11-15 11:28:09,,,,ES,C,"Rio Mendo, Merille, Concello de Coirós",Bosque de ribeira. Substrato: Xisto,,,,,"43.242793,-8.181215",,,,Physical Object
Salix fragilis L.,Salix,fragilis,,Salicaceae,L.,Plantae,PreservedSpecimen,herbarium specimen,SANT,SANT,81885,SANT:SANT:81885-A,"Martiño-Fiz López Lindoso, Teresa Lindoso López",2022-11-06/01,2022.0,11.0,6.0,2022-11-06,2022-11-15T11:27:35Z,2022-11-15 11:27:35,,,,ES,Or,"Rio Deva, Aldea de Deva, Concello de Pontedeva",Bosque de ribeira. Substrato: Sedimentario,,,,,"42.159881,-8.122694",,,,Physical Object
Ulmus glabra Huds.,Ulmus,glabra,,Ulmaceae,Huds.,Plantae,PreservedSpecimen,herbarium specimen,SANT,SANT,81884,SANT:SANT:81884-A,"Martiño-Fiz López Lindoso, Teresa Lindoso López",2022-11-06/02,2022.0,11.0,6.0,2022-11-06,2022-11-15T11:27:08Z,2022-11-15 11:27:08,,,,ES,Or,"Rio Deva, Aldea de Deva, Concello de Pontedeva",Bosque de ribeira. Substrato: Sedimentario,,,,,"42.173363,-8.134609",,,,Physical Object
"Vitis x ruggeri Ardenghi, Galasso, Banfi & Lastrucci",,ruggeri,,Vitaceae,"Ardenghi, Galasso, Banfi & Lastrucci",Plantae,PreservedSpecimen,herbarium specimen,SANT,SANT,81883,SANT:SANT:81883-A,"Martiño-Fiz López Lindoso, Teresa Lindoso López",2022-11-06/03,2022.0,11.0,6.0,2022-11-06,2022-11-15T10:20:28Z,2022-11-15 10:20:28,,,,ES,Or,"Rio Deva, Aldea de Deva, Concello de Pontedeva",Cultivo abandoado. Substrato: Sedimentario,,,,,"42.166469,-8.133469",,,,Physical Object
Erigeron floribundus (Kunth) Sch.Bip.,Erigeron,floribundus,,Compositae,(Kunth) Sch.Bip.,Plantae,PreservedSpecimen,herbarium specimen,SANT,SANT,81882,SANT:SANT:81882-A,"Martiño-Fiz López Lindoso, Teresa Lindoso López",2022-11-06/04,2022.0,11.0,6.0,2022-11-06,2022-11-15T10:19:38Z,2022-11-15 10:19:38,,,,ES,Or,"Rio Deva, Aldea de Deva, Concello de Pontedeva",Ruderal en cultivo. Substrato: Sedimentario,,,,,"42.168030,-8.134857",,,,Physical Object
Oxalis corniculata L.,Oxalis,corniculata,,Oxalidaceae,L.,Plantae,PreservedSpecimen,herbarium specimen,SANT,SANT,81881,SANT:SANT:81881-A,"Martiño-Fiz López Lindoso, Teresa Lindoso López",2022-11-06/05,2022.0,11.0,6.0,2022-11-06,2022-11-15T10:19:05Z,2022-11-15 10:19:05,,,,ES,Or,"Rio Deva, Aldea de Deva, Concello de Pontedeva",Ruderal en cultivo. Substrato: Sedimentario,,,,,"42.160776,-8.122561",,,,Physical Object
Arctium minus (Hill) Bernh.,Arctium,minus,,Compositae,(Hill) Bernh.,Plantae,PreservedSpecimen,herbarium specimen,SANT,SANT,81880,SANT:SANT:81880-A,"Martiño-Fiz López Lindoso, Teresa Lindoso López",2022-11-06/06,2022.0,11.0,6.0,2022-11-06,2022-11-15T10:17:43Z,2022-11-15 10:17:43,,,,ES,Or,"Rio Deva, Aldea de Deva, Concello de Pontedeva",Ruderal en camiño. Substrato: Sedimentario,,,,,"42.162068,-8.121820",,,,Physical Object
Hakea sericea Schrad.,Hakea,sericea,,Proteaceae,Schrad.,Plantae,PreservedSpecimen,herbarium specimen,SANT,SANT,81879,SANT:SANT:81879-A,I. Bárbara,,1998.0,2.0,18.0,1998-02-18,2022-11-08T13:47:48Z,2022-11-08 13:47:48,,,,PT,,Serra do Xeres,formando grandes extensiones,,,,,,,,,Physical Object
Salicornia ramosissima J.Woods,Salicornia,ramosissima,,Chenopodiaceae,J.Woods,Plantae,PreservedSpecimen,herbarium specimen,SANT,SANT,81878,SANT:SANT:81878-A,I. Bárbara,,1999.0,7.0,19.0,1999-07-19,2022-11-08T13:46:56Z,2022-11-08 13:46:56,,,,ES,C,A Coruña: Marisma de Ortigueira,sobre el fango,,,,,,,,,Physical Object
Parnassia palustris L.,Parnassia,palustris,,Saxifragaceae,L.,Plantae,PreservedSpecimen,herbarium specimen,SANT,SANT,81877,SANT:SANT:81877-A,I. Bárbara,,1996.0,9.0,15.0,1996-09-15,2022-11-08T13:46:11Z,2022-11-08 13:46:11,,,,ES,Lu,"Lugo, Ancares, prados bajo el Mustallar",prados y turberas en ladera inclinada,,,,,,,,,Physical Object
Erica ciliaris L.,Erica,ciliaris,,Ericaceae,L.,Plantae,PreservedSpecimen,herbarium specimen,SANT,SANT,81876,SANT:SANT:81876-A,I. Bárbara,,1996.0,9.0,15.0,1996-09-15,2022-11-08T13:43:31Z,2022-11-08 13:43:31,,,,ES,Lu,"Lugo, Ancares, prados bajo el Mustallar",prados y turberas en ladera inclinada,,,,,,,,,Physical Object
Juncus maritimus Lam.,Juncus,maritimus,,Juncaceae,Lam.,Plantae,PreservedSpecimen,herbarium specimen,SANT,SANT,81875,SANT:SANT:81875-A,I. Bárbara,,1999.0,7.0,19.0,1999-07-19,2022-11-08T13:42:25Z,2022-11-08 13:42:25,,,,ES,C,A Coruña: Marisma de Ortigueira,sobre el fango,,,,,,,,,Physical Object
Myriophyllum brasiliense Cambess.,Myriophyllum,brasiliense,,Haloragaceae,Cambess.,Plantae,PreservedSpecimen,herbarium specimen,SANT,SANT,81874,SANT:SANT:81874-A,I. Bárbara,,1996.0,10.0,29.0,1996-10-29,2022-11-08T12:46:29Z,2022-11-08 12:46:29,,,,ES,C,"Corrubedo, parte trasera de la duna","laguna de agua dulce, junto con Potamogetum",,,,,,,,,Physical Object
Ulmus glabra Huds.,Ulmus,glabra,,Ulmaceae,Huds.,Plantae,PreservedSpecimen,herbarium specimen,SANT,SANT,81873,SANT:SANT:81873-A,"Martiño-Fiz López Lindoso, Teresa Lindoso López",2022-10-16/03,2022.0,10.0,16.0,2022-10-16,2022-11-08T11:36:38Z,2022-11-08 11:36:38,,,,ES,Or,"Rio Miño, Laias, Concello de Cenlle",Bosque de ribeira. Substrato: Granito alcalino de duas micas,,,,,"42.327339,-8.034533",,,,Physical Object
Setaria pumila (Poir.) Roem. & Schult.,Setaria,pumila,,Gramineae,(Poir.) Roem. & Schult.,Plantae,PreservedSpecimen,herbarium specimen,SANT,SANT,81872,SANT:SANT:81872-A,Martiño-Fiz López Lindoso,2022-10-13/04,2022.0,10.0,13.0,2022-10-13,2022-11-08T11:36:12Z,2022-11-08 11:36:12,,,,ES,Po,"Lagoas de Rouxique, Concello de Meaño",Ruderal en campo de millo. Substrato: Sedimentario,,,,,"42.454420,-8.848461",,,,Physical Object
